postcode,Suburb,state,long,lat
810,Tiwi,NT,130.866242,-12.381806
812,Leanyer,NT,130.89047,-12.39124885
820,Parap,NT,130.873315,-12.428017
829,Pinelands,NT,130.9597671,-12.45763297
830,Gray,NT,130.95807649999998,-12.52139649
832,Johnston,NT,130.99365509999998,-12.49684676
836,Humpty Doo,NT,131.10066799999998,-12.557754
837,Noonamah,NT,131.016647,-12.704767
838,Berry Springs,NT,131.0067348,-12.71878122
851,Katherine,NT,137.050719,-15.711424
871,Alice Springs,NT,131.298809,-21.949513
1710,EPPING,NSW,151.116696,-33.78417
1885,BANKSTOWN,NSW,151.024581,-33.907416999999995
1888,BANKSTOWN,NSW,151.024581,-33.907416999999995
2000,Sydney,NSW,151.2015802,-33.86051951
2009,Pyrmont,NSW,151.19305500000002,-33.871221999999996
2010,Darlinghurst,NSW,151.212262,-33.884119
2011,Woolloomooloo,NSW,151.22162600000001,-33.873599
2016,Redfern,NSW,151.206211,-33.894912
2017,Waterloo,NSW,151.206316,-33.903892
2020,Mascot,NSW,151.176775,-33.936178999999996
2021,Paddington,NSW,151.227236,-33.895705
2022,Bondi Junction,NSW,151.245049,-33.896401000000004
2025,Woollahra,NSW,151.240508,-33.888709999999996
2028,Double Bay,NSW,151.240965,-33.878413
2029,Rose Bay,NSW,151.266989,-33.875709
2030,Vaucluse,NSW,151.275977,-33.858378
2031,Randwick,NSW,151.23916699999998,-33.914832000000004
2032,Kingsford,NSW,151.223936,-33.930314
2033,Kensington,NSW,151.218435,-33.911390000000004
2034,COOGEE,NSW,151.252171,-33.929096
2035,Maroubra,NSW,151.241292,-33.945634999999996
2037,Glebe,NSW,151.184458,-33.880179
2038,Annandale,NSW,151.170165,-33.881624
2040,Leichardt,NSW,151.15681899999998,-33.878774
2041,Balmain,NSW,151.180095,-33.858556
2046,Five Dock,NSW,151.133865,-33.866044
2047,Drummoyne,NSW,151.165735,-33.853924
2049,Petersham,NSW,151.15085,-33.897219
2060,North Sydney,NSW,151.204557,-33.839863
2061,Milsons Point,NSW,151.212372,-33.848785
2062,Cammeray,NSW,151.21246000000002,-33.822837
2063,Northbridge,NSW,151.214797,-33.812636
2065,Wollstonecraft,NSW,151.192212,-33.828361
2066,Lane Cove,NSW,151.16091200000002,-33.818641
2067,Chatswood,NSW,151.17711,-33.798378
2068,Willoughby,NSW,151.20271499999998,-33.800881
2069,Roseville,NSW,151.195368,-33.780246000000005
2070,Lindfield,NSW,151.16200700000002,-33.78042
2071,Killara,NSW,151.1814551,-33.75536381
2072,Gordon,NSW,151.153176,-33.754582
2073,Pymble,NSW,151.130278,-33.757296000000004
2076,Wahroonga,NSW,151.108249,-33.723263
2077,Hornsby Heights,NSW,151.097508,-33.691922
2078,Forestville,,,
2079,Mt Colah,NSW,151.112681,-33.666637
2082,Berowa Heights,NSW,151.138709,-33.54620871
2084,Terrey hills,NSW,151.216929,-33.650999
2085,Manly,NSW,151.211719,-33.728782
2086,Frenchs Forest,NSW,151.22921100000002,-33.75185
2087,Killarnet Heights,NSW,151.210531,-33.766093
2088,Mosman,NSW,151.243351,-33.830687
2089,Neutral Bay,NSW,151.2228263,-33.84149573
2090,Cremorne,NSW,151.223094,-33.828949
2092,Seaforth,NSW,151.24181299999998,-33.796636
2093,Balgowlah,NSW,151.258069,-33.79315
2094,Fairlight,NSW,151.27324199999998,-33.795227000000004
2095,Manly,NSW,151.294675,-33.815482
2096,Freshwater,NSW,151.28493999999998,-33.776781
2097,Collaroy Plateau,NSW,151.29789499999998,-33.739577000000004
2099,Cromer,NSW,151.279999,-33.748914
2100,Allambie Heights,NSW,151.257781,-33.766409
2101,Narrabeen,NSW,151.27114,-33.707117
2102,Warriewood,NSW,151.290953,-33.689941
2103,Mona Vale,NSW,151.302825,-33.679336
2106,Newport,NSW,151.314599,-33.660707
2107,Avalon Beach,NSW,151.323289,-33.634816
2108,Palm Beach,NSW,151.32275900000002,-33.60382
2110,Hunters Hill,NSW,151.149126,-33.836102000000004
2111,Gladesville,NSW,151.12448799999999,-33.829953
2112,Ryde,NSW,151.10844699999998,-33.81658
2113,North Ryde,NSW,151.130233,-33.79419
2116,Chirnside Park,NSW,151.03694099999998,-33.814368
2117,Telopea,NSW,151.04218,-33.797127
2118,Carlingford,NSW,151.043518,-33.775596
2119,Cheltenham,NSW,151.064176,-33.755499
2120,Pennant Hills,NSW,151.07359,-33.731105
2121,Epping,NSW,151.079919,-33.774145000000004
2122,Eastwood,NSW,151.092072,-33.791357
2125,West Pennant Hills,NSW,151.03180700000001,-33.752645
2127,Sydney Olympic Park,NSW,151.076186,-33.85283
2130,SUMMER HILL,NSW,151.135883,-33.892783
2131,Ashfield,NSW,151.124008,-33.887602
2132,Croydon,NSW,151.11338500000002,-33.882419
2133,Croydon Park,NSW,151.102087,-33.898793
2134,Burwood,NSW,151.10175700000002,-33.880049
2135,Strathfield,NSW,151.08475900000002,-33.881009000000006
2136,Enfield,NSW,151.087741,-33.892944
2138,Concord West,NSW,151.086036,-33.846098
2144,Auburn,NSW,151.026756,-33.851867999999996
2145,Greystanes,NSW,150.9751544,-33.79382308
2146,Toongabbie,NSW,150.959508,-33.789374
2147,Seven Hills,NSW,150.93583600000002,-33.766075
2148,Blacktown,NSW,150.900547,-33.783751
2150,Parramatta,NSW,151.006506,-33.814463
2151,North Parramatta,NSW,151.01251100000002,-33.78709
2153,Baulkham Hills,NSW,150.955942,-33.731651
2154,Castle Hill,NSW,151.000948,-33.73238
2155,North Kellyville,NSW,150.931074,-33.731522999999996
2156,Kenthurst,NSW,150.974528,-33.656984
2160,Merrylands,NSW,150.976594,-33.835883
2161,Guildford,NSW,150.983724,-33.858335
2162,Chester Hill,NSW,151.004128,-33.88349
2165,Fairfield West,NSW,150.947496,-33.872434999999996
2166,Cabramatta,NSW,150.92937,-33.892738
2168,Ashcroft,NSW,150.87534499999998,-33.915939
2170,Casula,NSW,150.921448,-33.928391999999995
2176,Bossley Park,NSW,150.88526000000002,-33.872014
2177,Bonnyrigg,NSW,150.879379,-33.895053000000004
2190,Greenacre,NSW,151.05385800000002,-33.901925
2192,Belmore,NSW,151.089663,-33.921018
2193,Canterbury,NSW,151.12086000000002,-33.910308
2195,Lakemba,NSW,151.07693899999998,-33.924525
2196,Punchbowl,NSW,151.057799,-33.930089
2197,Bass Hill,NSW,150.998155,-33.901198
2198,Georges Hall,NSW,150.986277,-33.908788
2199,Yagoona,NSW,151.023171,-33.905586
2200,Bankstown,NSW,151.014937,-33.926559000000005
2203,Dulwich Hill,NSW,151.138999,-33.90441
2204,Marrickville,NSW,151.15553899999998,-33.912288000000004
2205,Wolli Creek,NSW,151.147956,-33.937551
2206,Earlwood,NSW,151.122881,-33.926056
2207,Bexley,NSW,151.119517,-33.948744
2208,Kingsgrove,NSW,151.098002,-33.942632
2209,Beverly Hills,NSW,151.07530400000002,-33.94913
2210,Peakhurst,NSW,151.052257,-33.957725
2211,Padstow,NSW,151.03221000000002,-33.961366
2213,Panania,NSW,150.997836,-33.964102000000004
2216,Rockdale,NSW,151.148204,-33.955393
2217,Ramsgate,NSW,151.140345,-33.974354
2218,Carlton,NSW,151.117453,-33.973161
2219,Dolls Point,NSW,151.132495,-33.996587
2221,South Hurstville,NSW,151.10599,-33.992159
2228,Miranda,NSW,151.101564,-34.037692
2229,Caringbah,NSW,151.120091,-34.05494
2230,Cronulla,NSW,151.136596,-34.093213
2232,Kirrawee,NSW,151.06432900000001,-34.061753
2233,Engadine,NSW,151.027919,-34.114626
2234,Illawong,NSW,151.004412,-34.021938
2250,Somersby,NSW,151.189243,-33.325373
2251,Kincumber,NSW,151.401999,-33.482209000000005
2257,Umina Beach,NSW,151.374403,-33.520358
2259,Kanwal,NSW,151.37721299999998,-33.208801
2260,Terrigal,NSW,151.436939,-33.42537
2261,Bateau Bay,NSW,151.519708,-33.315827
2262,Budgewoi,NSW,151.528042,-33.209125
2263,Gorokan,NSW,151.556223,-33.285097
2280,Belmont,NSW,151.663175,-33.019715000000005
2283,Toronto,NSW,151.57181,-33.019117
2284,Speers Point,NSW,151.621183,-32.953236
2285,Edgeworth,NSW,151.651095,-32.933305
2286,West Wallsend,NSW,151.532669,-32.923321
2289,Adamstown Heights,NSW,151.71008,-32.948567
2290,Redhead,NSW,151.707801,-32.983963
2291,Merewether,NSW,151.742882,-32.951039
2300,Cooks Hill,NSW,151.778021,-32.931635
2302,Newcastle West,NSW,151.752466,-32.931265
2305,New Lambton,NSW,151.706545,-32.930221
2320,Bolwarra,NSW,151.543675,-32.741737
2321,Duckenfield,NSW,151.683702,-32.660185999999996
2322,Woodberry,NSW,151.65415,-32.819819
2323,East Maitland,NSW,151.607554,-32.757616
2325,Kearsley,NSW,151.317476,-32.977861
2333,Muswellbrook,NSW,150.701949,-32.248568
2350,Armidale,NSW,151.906153,-30.493396999999998
2421,Paterson,NSW,151.543017,-32.601853000000006
2430,Old Bar,NSW,152.503209,-31.899310999999997
2431,South West Rocks,NSW,153.053789,-30.925233000000002
2439,Kendall,NSW,152.652155,-31.654721999999996
2440,Hat Head,NSW,153.019648,-30.375790999999996
2443,Laurieton,NSW,152.747152,-31.725436
2444,Port Macquarie,NSW,152.87253,-31.439614000000002
2445,Bonny Hills,NSW,152.820899,-31.583037
2446,Wauchope,NSW,152.466916,-31.387394
2448,Nambucca Heads,NSW,152.956681,-30.604667
2450,Coffs Harbour,NSW,152.658268,-30.097726
2452,Sawtell,NSW,153.08188,-30.357167999999998
2454,Bellingen,NSW,152.84026599999999,-30.459807
2455,Urunga,NSW,152.96348,-30.529365999999996
2456,Woolgoolga,NSW,153.14340900000002,-30.073663
2460,Grafton,NSW,153.271074,-29.320771999999998
2462,Wooli,NSW,153.187047,-29.829194
2463,Townsend,NSW,153.10478899999998,-29.366909999999997
2466,Iluka,NSW,153.350886,-29.407475
2477,Alstonville,NSW,153.427314,-28.907675
2478,Ballina,NSW,153.532475,-28.865483
2482,Mullumbimby,NSW,153.432398,-28.547307
2484,Murwillumbah,NSW,153.31648,-28.38059
2485,Tweed Heads South,NSW,153.526816,-28.184240999999997
2486,Banora Point,NSW,153.479217,-28.215215
2487,Kingscliff,NSW,153.548588,-28.279729999999997
2488,Bogangar,NSW,153.560693,-28.34099
2489,Pottsville,NSW,153.541853,-28.392183000000003
2500,Wollongong,NSW,150.874294,-34.423171
2502,Warrawong,NSW,150.873081,-34.494723
2519,Fairy Meadow,NSW,150.709623,-34.355579999999996
2526,Farmborough Heights,NSW,150.77681,-34.380765000000004
2527,Albion Park,NSW,150.754592,-34.583539
2529,Oaks Flats,NSW,150.84583999999998,-34.592433
2530,Dapto,NSW,150.766132,-34.505410999999995
2533,Kiama Downs,NSW,150.75688300000002,-34.645377
2535,Berry,NSW,150.678303,-34.762116
2537,Tomakin,NSW,149.912199,-35.939648999999996
2538,Milton,NSW,150.32050700000002,-35.366161
2539,Ulladulla,NSW,150.393202,-35.522387
2540,Tomerong,NSW,150.61643999999998,-34.863483
2541,North Nowra,NSW,150.450994,-34.990592
2551,Avoca Beach/Mulgoa,NSW,149.792364,-37.267687
2560,Ambarvale,NSW,150.768408,-34.194216
2565,Denham Court,NSW,150.8618744,-33.97723383
2566,St Andrews,NSW,150.84225800000002,-34.027283000000004
2570,Camden South,NSW,150.52529199999998,-34.042913
2574,Bargo,NSW,150.6685734,-34.4254438
2576,Bowral,NSW,150.503502,-34.525612
2577,Kangaroo Valley,NSW,150.410978,-34.595027
2578,Bundanoon,NSW,150.293226,-34.715579
2580,Goulburn,NSW,149.72921499999998,-34.726283
2587,Wombat,NSW,148.360971,-34.505796999999994
2590,Cootamundra,NSW,147.89691100000002,-34.714515000000006
2594,Young,NSW,148.10732,-34.231083
2611,Waramanga,NSW,148.7089956,-35.57315758
2614,Hawker,ACT,149.049796,-35.257315000000006
2615,Holt,ACT,149.02930800000001,-35.215385999999995
2617,EVATT,ACT,149.086682,-35.231279
2620,Karabar,ACT,149.21045149999998,-35.34172619
2640,West Albury,NSW,147.026549,-36.016196
2648,Pooncarie,NSW,141.80184609999998,-33.29624634
2650,Wagga Wagga,NSW,147.376202,-35.07459
2713,Finley,NSW,145.52068,-35.586342
2722,Gundagai,NSW,148.10286599999998,-35.053523
2730,Batlow,NSW,148.03401200000002,-35.510039
2745,Glenmore Park,NSW,150.671487,-33.871340999999994
2747,Werrington,NSW,150.7376907,-33.77413222
2749,Cranebrook,NSW,150.686816,-33.702166999999996
2750,Jamisontown,NSW,150.678551,-33.755476
2756,South Windsor,NSW,150.88744,-33.466271
2758,Bilpin,NSW,150.601824,-33.483614
2759,St Clair,NSW,150.781767,-33.822520000000004
2760,Colyton,NSW,150.780073,-33.763976
2761,Hassall Grove,NSW,150.84746,-33.742005999999996
2763,Quakers Hill,NSW,150.89547,-33.725619
2765,Riverstone,NSW,150.79576,-33.672237
2766,Rooty Hill,NSW,150.850764,-33.810388
2767,Doonside,NSW,150.8651828,-33.77972161
2768,Glenwood,NSW,150.922732,-33.737863
2769,The Ponds,NSW,150.9054927,-33.705464299999996
2770,Lethbridge Park,NSW,150.810246,-33.756443
2774,Blaxland,NSW,150.62902,-33.732671
2777,Springwood,NSW,150.587962,-33.692534
2780,Leura,NSW,150.43563899999998,-33.832923
2787,Oberon,NSW,150.153221,-34.06024
2790,Lithgow,NSW,150.356874,-33.310653
2794,Cowra,NSW,148.66483799999997,-33.898505
2795,Bathurst,NSW,149.474401,-33.820797
2798,Millthorpe,NSW,149.158755,-33.462193
2799,Blayney,NSW,149.267666,-33.571335
2800,Orange,NSW,149.11626299999998,-33.233928999999996
2804,Canowindra,NSW,148.63399099999998,-33.539564
2806,Eugowra,NSW,148.375577,-33.375562
2807,Koorawatha,NSW,148.562165,-34.036494
2810,Grenfell,NSW,148.054607,-33.902869
2818,Geurie,NSW,148.6686,-32.5009
2820,Wellington,NSW,148.989227,-32.553282
2821,Narromine,NSW,148.110385,-32.255249
2824,Warren,NSW,147.785831,-31.373201
2825,Nyngan,NSW,146.5079936,-31.92717863
2827,Gilgandra,NSW,148.64835300000001,-31.63315
2830,Dubbo,NSW,148.657282,-32.24224
2834,Lightning Ridge,NSW,147.9287091,-29.12157608
2840,Bourke,NSW,145.251371,-30.205908
2845,Wallerawang,NSW,150.04201,-33.404961
2847,Portland,NSW,149.969799,-33.404462
2848,Kandos,NSW,149.964131,-32.901412
2849,Rylstone,NSW,150.059088,-32.708935
2850,Mudgee,NSW,149.602925,-32.685033000000004
2864,Cudal,NSW,148.73181399999999,-33.340269
2866,Molong,NSW,148.904531,-33.007264
2869,Peak Hill,NSW,148.26665500000001,-32.584028
2870,Parkes,NSW,148.16818999999998,-33.035496
2871,Forbes,NSW,147.81168799999998,-33.476768
2873,Tottenham,NSW,147.26041899999998,-32.269414000000005
2875,Trundle,NSW,147.603587,-32.915603999999995
2876,Bogan Gate,NSW,147.77283400000002,-33.159023
2877,Condobolin,NSW,146.6853835,-32.27339899
2880,Broken Hill,NSW,142.203381,-30.170440999999997
2902,Kambah,ACT,149.049785,-35.389263
2905,Isabella Plains,ACT,149.110025,-35.431011
2906,Banks,ACT,149.08972,-35.456759999999996
2914,Harrison,ACT,149.125877,-35.170334000000004
3006,Southbank,VIC,144.9520744,-37.82528675
3011,Footscray,VIC,144.907953,-37.807101
3020,Sunshine West,VIC,144.829945,-37.777204
3021,St Albans,VIC,144.796693,-37.743361
3028,Laverton,VIC,144.777165,-37.875066
3029,Hoppers Crossing,VIC,144.70583100000002,-37.837165
3030,Werribee,VIC,144.64209,-37.91624
3032,Ascot Vale,VIC,144.897221,-37.774485999999996
3033,Keilor East,VIC,144.85763799999998,-37.74107
3034,Carlton North,VIC,144.86194,-37.761235
3036,Keilor,VIC,144.82246,-37.705324
3039,Moonee Ponds,VIC,144.922995,-37.766184
3040,Essendon,VIC,144.902556,-37.751845
3041,Essendon North,VIC,144.9011039,-37.72674618
3042,Keilor Park,VIC,144.866305,-37.727529
3043,Gladstone Park,VIC,144.88836799999999,-37.691916
3044,Pascoe Vale,VIC,144.93635600000002,-37.731138
3046,Glenroy,VIC,144.927968,-37.706578
3048,Coolaroo,VIC,144.923609,-37.653917
3054,Carlton North,VIC,144.96724,-37.786971
3056,Brunswick,VIC,144.96010800000002,-37.766292
3057,Brunswick East,VIC,144.97728,-37.770012
3058,Coburg,VIC,144.964524,-37.739901
3059,Greenvale,VIC,144.879626,-37.639887
3061,Campbellfield,VIC,144.956763,-37.666265
3064,Craigieburn,VIC,144.942199,-37.546521999999996
3068,Fitzroy,VIC,144.98622,-37.790974
3070,Northcote,VIC,144.999745,-37.774064
3071,Thornbury,VIC,145.00700600000002,-37.759426
3072,Preston,VIC,145.005702,-37.742470000000004
3073,Reservoir,VIC,145.005955,-37.712474
3074,Thomastown,VIC,145.006644,-37.684684000000004
3079,Ivanhoe,VIC,145.048573,-37.772675
3082,Mill Park,VIC,145.065658,-37.664858
3083,Bundoora,VIC,145.056223,-37.701346
3084,Heidelberg,VIC,145.082685,-37.744406
3085,Yallambie,VIC,145.06988,-37.724398
3087,Watsonia,VIC,145.082426,-37.711787
3088,Greensborough,VIC,145.108339,-37.700175
3093,Lower Plenty,VIC,145.115208,-37.73919
3095,Eltham,VIC,145.158579,-37.713299
3101,Kew,VIC,145.036575,-37.807396999999995
3102,Kew East,VIC,145.05219,-37.793805
3106,Templestowe,VIC,145.142675,-37.758334999999995
3107,Templestowe Lower,VIC,145.110677,-37.765225
3108,Doncaster,VIC,145.125797,-37.786429
3109,Doncaster East,VIC,145.161649,-37.784786
3111,Donvale,VIC,145.18633400000002,-37.794053999999996
3113,Warrandyte,VIC,145.204689,-37.752123
3123,Hawthorn East,VIC,145.04941499999998,-37.829752
3124,Camberwell,VIC,145.06819099999998,-37.840866999999996
3127,Surrey Hills,VIC,145.097236,-37.825173
3128,Box Hill South,VIC,145.122393,-37.828866
3129,Box Hill North,VIC,145.12508400000002,-37.806965000000005
3130,Blackburn,VIC,145.149653,-37.81805
3131,Forest Hill,VIC,145.174489,-37.817797999999996
3132,Mitcham,VIC,145.196686,-37.819221999999996
3133,Vermont,VIC,145.192303,-37.848786
3134,Ringwood North,VIC,145.257929,-37.823058
3135,Ringwood East,VIC,145.248209,-37.819594
3136,Croydon,VIC,145.282396,-37.779876
3137,Kilsyth,VIC,145.313346,-37.819364
3138,Mooroolbark,VIC,145.322794,-37.78391
3139,Woori Yallock,VIC,145.53266599999998,-37.814506
3140,Lilydale,VIC,145.36318500000002,-37.759153999999995
3141,SOUTH YARRA,VIC,144.991264,-37.840678999999994
3144,Malvern,VIC,145.034127,-37.857442999999996
3145,Malvern east,VIC,145.049328,-37.873557
3146,Glen Iris,VIC,145.05783300000002,-37.857116
3149,Mount Waverley,VIC,145.128118,-37.880748
3150,Wheelers Hill,VIC,145.168834,-37.914383
3151,Burwood East,VIC,145.151119,-37.85523
3152,Wantirna South,VIC,145.22169499999998,-37.864951
3153,Bayswater,VIC,145.270141,-37.845116
3155,Boronia,VIC,145.284418,-37.861799
3156,Ferntree Gully,VIC,145.292895,-37.917932
3159,Selby,VIC,145.3892,-37.921894
3160,Belgrave,VIC,145.350821,-37.935097
3165,Bentleigh east,VIC,145.059426,-37.922369
3166,Oakleigh East,VIC,145.089719,-37.902805
3167,Oakleigh South,VIC,145.087614,-37.923345
3168,Clayton,VIC,145.12665,-37.91342
3169,Clayton South,VIC,145.115271,-37.945149
3170,Mulgrave,VIC,145.16785900000002,-37.920945
3171,Springvale,VIC,145.15678300000002,-37.944608
3172,Dingley Village,VIC,145.13465,-37.975981
3173,Keysborough,VIC,145.164863,-38.006771
3174,Noble Park,VIC,145.17877,-37.966218
3175,Bangholme,VIC,145.208504,-38.016114
3177,Doveton,VIC,145.23746200000002,-37.990984999999995
3178,Rowville,VIC,145.24158899999998,-37.924431
3180,Knoxfield,VIC,145.246731,-37.893263
3181,Prahran,VIC,144.995504,-37.854683
3183,Balaclava,VIC,144.99902600000001,-37.869071999999996
3184,Elwood,VIC,144.984034,-37.881414
3186,Brighton,VIC,144.996329,-37.915065999999996
3187,back of burke,VIC,145.013593,-37.925371000000005
3188,Hampton,VIC,145.007238,-37.938889
3189,Moorabbin,VIC,145.047802,-37.942021000000004
3191,Sandringham,VIC,145.013472,-37.956585
3192,Cheltenham,VIC,145.0623,-37.965655
3193,Beaumaris,VIC,145.031561,-37.978698
3194,Mentone,VIC,145.06735600000002,-37.985059
3195,Aspendale,VIC,145.104105,-38.007024
3196,Chelsea,VIC,145.12276200000002,-38.046479
3197,Patterson Lakes,VIC,145.13411100000002,-38.072748
3199,Frankston,VIC,145.135961,-38.162578
3201,Carrum Downs,VIC,145.177905,-38.092874
3202,Heatherton,VIC,145.09269799999998,-37.960555
3204,Bentleigh,VIC,145.036783,-37.916956
3207,Port Melbourne,VIC,144.91804399999998,-37.832179
3212,Lara,VIC,144.422666,-38.039958
3213,Lovely Banks,VIC,144.2894,-37.9406
3214,Corio,VIC,144.352385,-38.084781
3215,Bell Park,VIC,144.33452,-38.111002
3216,Grovedale,VIC,144.334005,-38.215906
3218,Herne Hill,VIC,144.28948830000002,-38.13028025
3219,Newcombe,VIC,144.389533,-38.17277
3220,Newtown,VIC,144.34652,-38.157038
3222,Wallington,VIC,144.57298899999998,-38.209921
3225,Point Lonsdale,VIC,144.614191,-38.271074
3226,Ocean Grove,VIC,144.523761,-38.263811
3228,Torquay,VIC,144.299978,-38.307545000000005
3249,Gerangamete,VIC,143.557159,-38.388290999999995
3264,Terang,VIC,142.884394,-38.232442999999996
3272,Mortlake,VIC,142.853634,-37.982186
3280,Warrnambool,VIC,142.482889,-38.378840000000004
3304,Heywood,VIC,141.952156,-38.182084
3305,Portland,VIC,141.437227,-38.235475
3331,Bannockburn,VIC,144.194625,-38.049195000000005
3337,Melton,VIC,144.5462424,-37.65724033
3340,Bacchus Marsh,VIC,144.394442,-37.787135
3350,Ballarat,VIC,143.864505,-37.571940999999995
3351,Smythes Creek,VIC,143.637463,-37.758247999999995
3356,Delacombe,VIC,143.82846,-37.592283
3363,Creswick North,VIC,143.88637,-37.420588
3377,Ararat,VIC,142.95691599999998,-37.231524
3430,Clarkefield,VIC,144.806632,-37.494056
3500,Mildura,VIC,142.15416100000002,-34.1931
3502,Mildura,VIC,145.25835,-37.972887
3505,Merbein,VIC,142.004192,-34.180532
3550,Bendigo,VIC,144.285267,-36.764269
3555,Kangaroo Flat,VIC,144.245239,-36.777226
3585,Swan Hill,VIC,143.336906,-35.348388
3595,Nyah West,VIC,143.351682,-35.202752000000004
3608,Kirwans Bridge,VIC,145.095753,-36.740713
3616,Harston,VIC,145.145217,-36.464118
3620,Kyabram,VIC,145.082735,-36.284584
3630,Shepparton,VIC,145.403176,-36.380853
3631,Shepparton,VIC,145.526693,-36.428694
3636,Numurkah,VIC,145.479471,-36.093878000000004
3644,Cobram,NSW,145.63268200000002,-35.945353000000004
3658,Broadford,VIC,145.111854,-37.241401
3666,Euroa,VIC,145.565512,-36.786777
3677,Wangaratta,VIC,146.33056399999998,-36.358017
3678,Markwood,VIC,146.482439,-36.68892
3683,Chiltern,VIC,146.604622,-36.180787
3690,West Wodonga,VIC,146.864361,-36.135717
3714,Alexandra,VIC,145.68788899999998,-37.210538
3719,Gobur,VIC,145.608491,-37.041215
3720,Bonnie Doon,VIC,145.850304,-37.017241
3723,Bridge Creek,VIC,146.256507,-36.894465000000004
3725,Goorambat,VIC,145.937326,-36.414359000000005
3737,Myrtleford,VIC,146.82759,-36.554037
3747,Beechworth,VIC,146.725705,-36.361056
3749,Yackandandah,VIC,146.8638108,-36.42031113
3750,Wollert,VIC,145.005578,-37.596078000000006
3752,South Morang,VIC,145.074353,-37.619102000000005
3753,Beveridge,VIC,144.95951200000002,-37.476473999999996
3754,Mernda,VIC,145.112985,-37.593554
3765,Montrose,VIC,145.346621,-37.814771
3770,Gruyere,VIC,145.41600400000002,-37.708784
3775,Yarra Glen,VIC,145.365993,-37.642852000000005
3777,Healesville,VIC,145.513804,-37.606088
3781,Cockatoo,VIC,145.487862,-37.938471
3782,Emerald,VIC,145.433024,-37.938068
3793,Monbulk,VIC,145.429715,-37.874533
3796,Mt Evelyn,VIC,145.384922,-37.786977
3797,Yarra Junction,VIC,145.786343,-37.867809
3799,Millgrove,VIC,145.818512,-37.727565999999996
3802,Endeavour Hills,VIC,145.255599,-37.971763
3803,Hallam,VIC,145.265524,-38.009434999999996
3805,Narre Warren South,VIC,145.30419799999999,-38.037026000000004
3806,Berwick,VIC,145.34948799999998,-38.025017999999996
3807,Beaconsfield,VIC,145.371635,-38.048316
3809,Officer,VIC,145.406887,-38.069094
3810,Pakenham,VIC,145.472514,-38.04658
3812,Nar Nar Goon,VIC,145.565304,-38.070135
3818,Drouin,VIC,145.86733700000002,-38.096289
3820,Warragul,VIC,145.922212,-38.207476
3823,Yarragon,VIC,146.06565600000002,-38.210382
3825,Moe,VIC,146.34293200000002,-37.978862
3840,Morwell,VIC,146.42445700000002,-38.245215
3841,Morwell,VIC,147.463,-37.5832
3844,Traralgon,VIC,146.607101,-38.316869
3869,Yinnar,VIC,146.359836,-38.364689
3870,Boolarra,VIC,146.319351,-38.437946000000004
3871,Mirboo North,VIC,146.158866,-38.42207
3874,Carrajung Sth,VIC,146.836248,-38.514438
3875,Bairnsdale,VIC,147.63201,-37.826032
3911,Baxter,VIC,145.169556,-38.196908
3913,Tyabb,VIC,145.166426,-38.262273
3916,Shoreham,VIC,145.050587,-38.415199
3919,Crib Point,VIC,145.199777,-38.352327
3930,Mount Eliza,VIC,145.093743,-38.195017
3931,Mornington,VIC,145.04950300000002,-38.230038
3934,Mt Martha,VIC,145.031598,-38.2783
3939,Rosebud,VIC,144.900413,-38.42776
3940,Rosebud West,VIC,144.8754149,-38.37363083
3941,Rye,VIC,144.827203,-38.396077000000005
3942,Blairgowrie,VIC,144.768301,-38.367874
3943,Sorrento,VIC,144.739101,-38.345527000000004
3945,Loch,VIC,145.697053,-38.381582
3956,Meeniyan,VIC,145.955341,-38.597018
3976,Hampton Park,VIC,145.264296,-38.043995
3977,Cranbourne,VIC,145.2695101,-38.146639799999996
3981,Koo Wee rup,VIC,145.575,-38.207298
3996,Inverloch,VIC,145.745609,-38.629560999999995
4000,Brisbane,QLD,153.02212600000001,-27.468390999999997
4012,Nundah,QLD,153.05355,-27.399334999999997
4017,Bracken Ridge,QLD,153.047339,-27.318074
4019,Clontarf,QLD,153.088498,-27.248337
4020,Scarborough,QLD,153.0900858,-27.21066448
4021,Kippa-Ring,QLD,153.07529,-27.220097999999997
4034,Aspley,QLD,153.040051,-27.354710999999998
4037,Eatons Hill,QLD,152.936519,-27.341128
4053,Mitchelton,QLD,152.98725,-27.399572999999997
4055,Ferny Hills,QLD,152.92424,-27.393676
4060,Ashgrove,QLD,152.985176,-27.445107
4064,Paddington,QLD,152.99903899999998,-27.464676
4069,Fig Tree Pocket,QLD,152.898911,-27.502784000000002
4070,Bundaberg,QLD,152.871141,-27.559944
4073,Sinnamon Park,QLD,152.95138500000002,-27.549179
4074,Jindalee,QLD,152.92152099999998,-27.554082
4075,Corinda,QLD,152.975619,-27.552134999999996
4077,Doolandella,QLD,152.96782199999998,-27.605551000000002
4078,Forest Lake,QLD,152.950579,-27.612653
4102,Woolloongabba,QLD,153.0328,-27.495458000000003
4103,Northgate,QLD,153.02876799999999,-27.512175
4104,Yeronga,QLD,153.011535,-27.515758
4105,Moorooka,QLD,153.018893,-27.534438
4108,Coopers Plains,QLD,153.020197,-27.568359
4109,Sunnybank,QLD,153.057452,-27.57925
4110,Mundoolun,QLD,153.009526,-27.612178000000004
4114,Kingston,QLD,153.110764,-27.652812
4118,Regents Park,QLD,153.027323,-27.673806
4121,Holland Park West,QLD,153.053952,-27.526965999999998
4122,Mount Gravatt,QLD,153.088155,-27.543315999999997
4123,Rochedale South,QLD,153.116151,-27.583528
4124,Greenbank,QLD,152.96776100000002,-27.701681
4125,Munruben,QLD,153.04108,-27.730432
4129,Loganholme,QLD,153.186817,-27.681519
4130,Cornubia,QLD,153.24333000000001,-27.669244
4132,Crestmead,QLD,153.084397,-27.681063
4133,Chambers Flat,QLD,153.10266399999998,-27.723837
4152,Camp Hill,QLD,153.096812,-27.501348999999998
4155,Chandler,QLD,153.156446,-27.5181
4157,Capalaba,QLD,153.207096,-27.568178000000003
4161,Alexandra Hills,QLD,153.22686399999998,-27.533407
4163,Cleveland,QLD,153.26571,-27.535216
4165,Redland Bay,QLD,153.263801,-27.623975
4169,East Brisbane,QLD,153.040982,-27.484177000000003
4170,Cannon Hill,QLD,153.074231,-27.470778000000003
4178,Wynnum,QLD,153.232567,-27.425651000000002
4179,Manly,QLD,153.234041,-27.390822999999997
4184,Macleay Island,QLD,153.384655,-27.676499
4205,Bethania,QLD,153.156289,-27.687389000000003
4207,Eagleby,QLD,153.204523,-27.733990999999996
4208,Ormeau,QLD,153.27631,-27.767028999999997
4209,Pimpama,QLD,153.392892,-27.805497999999996
4210,Oxenford,QLD,153.279483,-27.932207000000002
4211,Carrara,QLD,153.24125800000002,-28.035453000000004
4213,Bonogin,QLD,153.318916,-28.110164
4214,Molendinar,QLD,153.365576,-27.967005
4215,Southport,QLD,153.397952,-27.967134
4216,Runaway Bay,QLD,153.419405,-27.839346999999997
4217,Benowa,QLD,153.412197,-28.008783
4218,Mermaid Waters,QLD,153.41692,-28.037627
4220,Miami,QLD,153.434406,-28.084952
4221,Palm Beach,QLD,153.45837,-28.127322999999997
4224,Tugun,QLD,153.48933200000002,-28.150223999999998
4225,Kirra,QLD,153.517333,-28.168787
4226,Clear Island Waters,QLD,153.40282,-28.067940000000004
4227,Reedy Creek,QLD,153.410392,-28.101892
4285,Beaudesert,QLD,152.975131,-28.056979
4300,Springfield,QLD,152.884999,-27.682273
4301,Collingwood Park,QLD,152.85808600000001,-27.629394
4304,Booval,QLD,152.80456999999998,-27.620656
4305,Ipswich,QLD,152.753696,-27.627521999999995
4306,Walloon,QLD,152.72540800000002,-27.480898
4309,Clumber,QLD,152.52336599999998,-27.98728
4310,Milford,QLD,152.600598,-28.121399
4311,Coominya,QLD,152.438771,-27.418571999999998
4312,Esk,QLD,152.482636,-27.256065000000003
4313,Toogoolawah,QLD,152.321536,-27.089516999999997
4330,Boonah,NSW,151.204557,-33.839863
4341,Laidley,QLD,152.396656,-27.68768
4342,Glenore Grove,QLD,152.377687,-27.543846999999996
4344,Helidon,QLD,152.060385,-27.572999
4350,Rangeville,QLD,151.852689,-27.576308
4352,Postmans Ridge,QLD,151.94182,-27.627661
4353,Haden,QLD,151.90457800000001,-27.256984000000003
4355,Crows Nest,QLD,152.008635,-27.18463
4357,Millmerran,QLD,151.103872,-27.957653999999998
4361,Clifton,QLD,151.948279,-27.965214000000003
4365,Leyburn,QLD,151.597527,-28.017149
4370,Warwick,QLD,151.95146119999998,-28.195678000000004
4373,Killarney,QLD,152.305204,-28.349372999999996
4385,Texas,QLD,151.24801000000002,-28.777563
4401,Oakey,QLD,151.703647,-27.473135
4413,Chinchilla,QLD,150.545144,-26.706834000000004
4415,Miles,QLD,150.20511399999998,-26.627339000000003
4428,Wallumbilla,QLD,149.20648899999998,-26.40373
4470,Charleville,QLD,146.0999607,-26.73025809
4480,Quilpie,QLD,143.274156,-26.248503999999997
4494,Bungunya,QLD,149.606552,-28.143515
4500,Strathpine,QLD,152.939438,-27.307845
4501,Lawnton,QLD,152.946201,-27.277628000000004
4502,Petrie,QLD,152.966813,-27.264974
4503,Kallangur,QLD,152.993187,-27.240638
4504,Narangba,QLD,152.932083,-27.186624
4505,Burpengary,QLD,152.976886,-27.153669
4506,Morayfield,QLD,152.936289,-27.128401
4507,Banksia Beach,QLD,153.12413999999998,-26.987776
4508,Deception Bay,QLD,153.013716,-27.181203000000004
4510,Caboolture,QLD,152.960273,-27.070177
4511,Ningi,QLD,153.080799,-27.077933
4514,Mount Archer,QLD,152.760081,-26.91784
4516,Elimbah,QLD,152.957238,-27.005542
4518,Glass House Mountains,QLD,152.98603300000002,-26.902425
4519,Beerwah,QLD,152.91803000000002,-26.849388
4551,Golden Beach,QLD,153.088435,-26.828066999999997
4552,Maleny,QLD,152.766898,-26.734305
4555,Palmwoods,QLD,152.95452,-26.691701000000002
4556,Tanawha,QLD,153.04978400000002,-26.700378999999998
4558,Maroochydore,QLD,153.07537299999998,-26.655067
4559,Woombye,QLD,152.965013,-26.663240000000002
4560,Bli Bli,QLD,152.917384,-26.635087
4564,Marcoola,QLD,153.079239,-26.612359
4565,Tewantin,QLD,153.042307,-26.156837
4567,Lanyana Way,QLD,153.096957,-26.408596000000003
4570,Victory Heights,QLD,152.616943,-26.153831
4573,Coolum Beach,QLD,153.06830300000001,-26.516941999999997
4574,Gheerulla,QLD,152.761131,-26.630369
4575,Wurtulla,QLD,153.11947800000002,-26.742043
4580,Tin Can Bay,QLD,152.928987,-25.891004000000002
4600,Kilkivan,QLD,152.221081,-26.055099
4601,Goomeri,QLD,152.012412,-26.145001999999998
4605,Cherbourg,QLD,151.870256,-26.112408
4610,Kingaroy,QLD,151.522575,-26.576904
4615,Nanango,QLD,152.010432,-26.659559
4650,Maryborough,QLD,152.791302,-25.640978
4655,Booral,QLD,152.78368,-25.337998000000002
4660,Apple Tree Creek,QLD,152.30096799999998,-25.189298
4670,Bundaberg,QLD,152.297855,-24.88776
4674,Euleilah,QLD,151.872531,-24.688503
4677,Seventeen Seventy,QLD,151.72773600000002,-24.318471
4680,Gladstone,QLD,151.91728500000002,-23.446826
4700,The Range,QLD,150.958111,-23.180173999999997
4701,Frenchville,QLD,150.557538,-23.354937
4702,The Gemfields,QLD,150.885772,-23.279639000000003
4703,Hidden Valley,QLD,150.894331,-23.074563
4710,Emu Park,QLD,150.82635,-23.257223
4712,Duaringa,QLD,149.673726,-23.69521
4716,THANGOOL,QLD,150.806049,-24.483472
4717,Blackwater,QLD,148.891333,-23.632816000000002
4720,Emerald,QLD,148.187851,-23.68492
4721,Clermont,QLD,147.17431000000002,-22.449259
4725,Barcaldine,QLD,145.36353300000002,-23.610575
4726,Aramac,QLD,145.486391,-22.536444
4730,Longreach,QLD,143.402522,-23.790710999999998
4732,Muttaburra,QLD,144.622118,-22.427636
4737,Campwin Beach,QLD,149.178072,-21.430039999999998
4740,North Mackay,QLD,149.059737,-21.337629999999997
4754,Mirani,QLD,148.832763,-21.188063
4805,Bowen,QLD,148.457987,-20.016612
4807,Ayr,QLD,147.133033,-19.914965
4810,Townsville,QLD,146.764659,-19.227783
4811,Idalia,QLD,146.840325,-19.323109
4814,Cranbrook,QLD,146.75474499999999,-19.285821
4815,Kelso,QLD,146.70758600000002,-19.372329
4816,Pentland,QLD,146.791529,-19.787858
4817,Cowley,QLD,146.652307,-19.310498000000003
4818,Balgal Beach,QLD,146.540275,-19.23794
4819,Magnetic Island,QLD,146.831766,-19.143944
4825,Mount Isa,QLD,137.43234099999998,-21.017326999999998
4850,Ingham,QLD,146.49572,-18.552533
4860,Innisfail,QLD,145.88878200000002,-17.520343
4870,Mooroobool,QLD,145.742303,-16.923761
4877,Port Douglas,QLD,145.467604,-16.535286
4880,Mareeba,QLD,145.2931511,-17.0488028
4881,Kuranda,QLD,145.5578365,-16.91252285
4882,Tolga,QLD,145.47284,-17.202517
4883,Atherton,QLD,145.476659,-17.333270000000002
5000,Adelaide,SA,138.60863700000002,-34.937459000000004
5006,North Adelaide,SA,138.584497,-34.911522999999995
5008,Ridleyton,SA,138.559407,-34.887510999999996
5009,Kilkenny,SA,138.542493,-34.896906
5011,Woodville,SA,138.5353265,-34.87089128
5015,Ethelton,SA,138.531567,-34.808422
5016,Largs Bay,SA,138.493796,-34.824515999999996
5018,North Haven,SA,138.49958,-34.779057
5019,Semaphore Park,SA,138.477054,-34.847707
5020,West Lakes Shore,SA,138.481639,-34.867318
5021,West Lakes,SA,138.492908,-34.866279999999996
5022,Grange,SA,138.49264,-34.905460999999995
5023,Findon,SA,138.51199,-34.900729999999996
5024,West Beach,SA,138.506052,-34.948827
5025,Flinders Park,SA,138.529573,-34.912384
5031,Torrensville,SA,138.570873,-34.936926
5032,Lockleys,SA,138.54435800000002,-34.935734000000004
5033,Cowandilla,SA,138.558451,-34.938858
5034,Clarence Park,SA,138.58811,-34.956227
5035,Forrestville,SA,138.575187,-34.952075
5037,North Plympton,SA,138.545826,-34.957399
5038,Plympton,SA,138.54836699999998,-34.968051
5039,Melrose Park,SA,138.570739,-34.976263
5041,Westbourne Park,SA,138.594176,-35.00298
5042,Pasadena,SA,138.575023,-35.007341
5043,Marion,SA,138.553853,-35.005492
5044,Glengowrie,SA,138.516314,-35.001213
5045,Glenelg,SA,138.516973,-34.977121999999994
5046,Warradale,SA,138.535434,-35.003794
5047,Sturt,SA,138.546572,-35.030702000000005
5048,Dover Gardens,SA,138.52045900000002,-35.017416
5049,Seacliff,SA,138.52272,-35.045389
5050,Bellevue Heights,SA,138.601272,-35.026307
5051,Blackwood,SA,138.620405,-35.033769
5052,Belair,SA,138.618684,-35.003888
5061,Unley,SA,138.60648,-34.957195
5062,Hawthorn,SA,138.60238700000002,-35.004063
5063,Parkside,SA,138.621477,-34.954325
5065,Toorak Gardens,SA,138.633974,-34.940362
5066,Beaumont,SA,138.66029,-34.940962
5067,Beulah Park,SA,138.630575,-34.919985
5068,Kensington Park,SA,138.654999,-34.922605
5069,St Peters,SA,138.623527,-34.907596999999996
5070,Payneham,SA,138.642172,-34.900496000000004
5072,Magill,SA,138.696113,-34.912078
5073,Rostrevor,SA,138.683151,-34.89528
5074,Newton,SA,138.669275,-34.884233
5075,Paradise,SA,138.675254,-34.861332
5081,Vale Park,SA,138.617673,-34.891417
5082,Prospect,SA,138.587083,-34.886018
5084,Blair Athol,SA,138.581605,-34.864409
5085,Northfield,SA,138.61295900000002,-34.856239
5086,Oakden,SA,138.64344,-34.854246999999994
5087,Windsor Gardens,SA,138.637707,-34.876988
5089,Highbury,SA,138.724487,-34.851048999999996
5090,Hope Valley,SA,138.704628,-34.843346000000004
5091,Tea Tree Gully,SA,138.735572,-34.822615
5092,Modbury Heights,SA,138.680226,-34.821319
5093,Valley View,SA,138.657974,-34.83977
5094,Gepps Cross,SA,138.581513,-34.802735999999996
5095,Mawson Lakes,SA,138.6199,-34.820685
5096,Para Hills,SA,138.644685,-34.798549
5097,Redwood Park,SA,138.70726100000002,-34.819614
5098,Ingle Farm,SA,138.638946,-34.829603000000006
5107,Parafield Gardens,SA,138.609874,-34.784447
5108,Paralowie,SA,138.61883999999998,-34.761553
5109,Salisbury Plain,SA,138.663871,-34.771432
5110,Burton,SA,138.56503700000002,-34.72213
5112,Hillier,SA,138.66661499999998,-34.726229
5113,Elizabeth North,SA,138.674449,-34.702506
5114,Blakeview,SA,138.754254,-34.718681
5115,Munno Parra,SA,138.681702,-34.669486
5116,Evanston Park,SA,138.724059,-34.622783
5118,Gawler East,SA,138.705675,-34.58378
5121,Macdonald Park,SA,138.65076580000002,-34.68857809
5125,Golden Grove,SA,138.738733,-34.773234
5126,Surrey Downs,SA,138.724953,-34.793414
5127,Wynn Vale,SA,138.674657,-34.796682000000004
5131,Upper Hermitage,SA,138.758111,-34.795291999999996
5141,Summertown,SA,138.722419,-34.957325
5152,Stirling,SA,138.703957,-34.998401
5158,Hallett Cove,SA,138.519781,-35.084001
5159,Aberfoyle Park,SA,138.603897,-35.061704999999996
5161,Reynella,SA,138.515652,-35.096383
5162,Morphett Vale,SA,138.565224,-35.112119
5163,Hackham,SA,138.552209,-35.147923
5164,Christie Downs,SA,138.500365,-35.124824
5165,Christies Beach,SA,138.475092,-35.137389
5167,Port Norlunga,SA,138.481211,-35.166866
5168,Noarlunga Downs,SA,138.49632,-35.149737
5169,Seaford,SA,138.477958,-35.194210999999996
5173,Aldinga Beach,SA,138.470002,-35.290568
5203,Yankalilla,SA,138.388132,-35.450839
5204,Wirrina Cove,SA,138.324567,-35.572164
5210,Mt Compass,SA,138.655684,-35.387709
5211,Encounter Bay,SA,138.627975,-35.566153
5214,Goolwa,SA,138.83480600000001,-35.491206
5231,Kersbrook,SA,138.839512,-34.81588636
5236,Tungkillo,SA,139.051698,-34.829433
5238,Mannum,SA,139.497207,-34.867709000000005
5241,Lobethal,SA,138.864359,-34.897166999999996
5242,Balhannah,SA,138.819125,-34.998416
5244,Woodside,SA,138.946384,-34.938664
5251,Mount Barker,SA,138.87343059999998,-35.13772392
5252,Brukunga,SA,138.94718899999998,-35.035728999999996
5253,Murray Bridge,SA,139.273641,-35.109083
5255,Woodchester,SA,138.975861,-35.248539
5256,Clayton Bay,SA,139.0336,-35.492114
5290,Mt Gambier,SA,140.764545,-37.839841
5303,Parilla,SA,140.685318,-35.191375
5330,Waikere,SA,139.97542099999998,-33.947070000000004
5341,Renmark,SA,140.753178,-33.739084000000005
5343,Berri,SA,140.556181,-34.321288
5351,Lyndoch,SA,138.897802,-34.638218
5352,Tanunda,SA,138.9856268,-34.54472249
5353,Angaston,SA,139.326979,-34.577328
5355,Nuriootpa,SA,139.007886,-34.443965999999996
5401,Hamley Bridge,SA,138.659866,-34.297740000000005
5411,Tarlee,SA,138.772345,-34.256363
5412,Riverton,SA,138.775266,-34.18289
5420,Lenswood,SA,138.961232,-33.252592
5451,Auburn,SA,138.62088300000002,-34.092233
5460,Owen,SA,138.517968,-34.312427
5461,Balaklava,SA,138.444457,-34.095314
5501,Calomba,SA,138.547998,-34.595073
5554,Kadina,SA,137.756193,-33.928028999999995
5556,Wallaroo,SA,137.610828,-33.950853
5573,Maitland,SA,137.508603,-34.514148999999996
5575,Minlaton,SA,137.54460500000002,-34.823141
5600,Whyalla Playford,SA,137.277293,-33.036339
5607,Coffin Bay,SA,136.456454,-35.156446
5608,Whyalla Stuart,SA,137.53251640000002,-33.05754209
6000,Perth,WA,115.85991200000001,-31.948762
6006,North Perth,WA,115.85291299999999,-31.929340000000003
6009,Nedlands,WA,115.80469199999999,-31.985791
6012,Mosman Park,WA,115.76340400000001,-32.015976
6014,Floreat,WA,115.80816899999999,-31.936389000000002
6016,Glendalough,WA,115.831181,-31.921221999999997
6017,Osborne Park,WA,115.81456200000001,-31.908357000000002
6018,Innaloo,WA,115.786821,-31.891957
6019,Scarborough,WA,115.76918300000001,-31.907329999999998
6020,North Beach,WA,115.765396,-31.852697999999997
6021,Balcatta,WA,115.81193300000001,-31.871671000000003
6023,Duncraig,WA,115.774028,-31.834469
6024,Greenwood,WA,115.803068,-31.83489
6025,Kallaroo,WA,115.754405,-31.79583
6026,Kingsley,WA,115.79983200000001,-31.801707
6027,Joondalup,WA,115.756405,-31.763346999999996
6030,Quinns Rocks,WA,115.711684,-31.687340999999996
6031,Banksia Grove,WA,115.77213799999998,-31.692538
6032,Maylands,WA,115.74887,-31.643227000000003
6050,Menora,WA,115.87186399999999,-31.930574
6052,Bedford,WA,115.883976,-31.915463
6053,Bayswater,WA,115.914851,-31.920863
6056,Swan View,WA,116.0261,-31.838397999999998
6059,Dianella,WA,115.861726,-31.882862
6060,Yokine,WA,115.840879,-31.903240999999998
6061,Balga,WA,115.843478,-31.864113
6062,Noranda,WA,115.89088000000001,-31.886321999999996
6063,Beechboro,WA,115.93782399999999,-31.866821999999996
6064,Alexander Heights,WA,115.849098,-31.835333000000002
6065,Ashby,WA,115.845329,-31.694440000000004
6069,Upper Swan,WA,115.989248,-31.78156868
6071,Glen Forrest,WA,116.10043200000001,-31.889087
6073,Mundaring,WA,116.28143,-31.949348999999998
6076,Lesmurdie,WA,116.20826299999999,-32.108961
6084,Bullsbrook,WA,116.072828,-31.622021000000004
6102,Bentley,WA,115.904425,-32.005644000000004
6104,Belmont,WA,115.97763300000001,-31.965497999999997
6105,Kewdale,WA,115.963293,-31.953879999999998
6107,East Cannington,WA,115.967142,-32.017663
6108,Thornlie,WA,115.953584,-32.06089
6110,Gosnells,WA,116.00860300000001,-32.078534999999995
6112,Mount Nasura,WA,115.99793400000001,-32.158675
6147,Langford,WA,115.941353,-32.043771
6148,Riverton,WA,115.924691,-32.030183
6149,Bull Creek,WA,115.85867900000001,-32.064941
6150,Bateman,WA,115.83360800000001,-32.061682
6151,South Perth,WA,115.869482,-31.982198999999998
6152,Manning,WA,115.87005800000001,-32.008509000000004
6153,Applecross,WA,115.837525,-32.024363
6154,Booragoon,WA,115.825994,-32.040061
6155,Canning Vale,WA,115.89077900000001,-32.061501
6156,Melville,WA,115.800233,-32.03954
6158,East Fremantle,WA,115.76656100000001,-32.038540999999995
6160,Fremantle,WA,115.754545,-32.054065
6162,South Fremantle,WA,115.759022,-32.068768
6163,Kardinya,WA,115.798722,-32.084784
6164,Yangebup,WA,115.854584,-32.131993
6166,Lake Coogee,WA,115.790704,-32.158361
6167,Orelia,WA,115.83530800000001,-32.223657
6168,Cooloongup,WA,115.75773000000001,-32.281957
6169,Safety Bay,WA,115.763949,-32.338504
6172,Port Kennedy,WA,115.753147,-32.37547
6173,Secret Harbour,WA,115.757908,-32.407414
6175,Dudley park,WA,115.75528899999999,-32.445896000000005
6210,Greenfields,WA,115.72828600000001,-32.557981
6211,Dawesville,WA,115.72828600000001,-32.557981
6230,Gelorup,WA,115.64920500000001,-33.341076
6280,Busselton,WA,115.302732,-33.728945
6285,Margaret River,WA,115.28097199999999,-33.941351
6330,Albany,WA,117.86328600000002,-34.905438000000004
6530,Geraldton,WA,114.862505,-28.802490999999996
6532,Glenfield,WA,115.004595,-28.440886
6535,Sandy Gully,WA,114.85243700000001,-27.832196000000003
6537,Denham,WA,114.62728700000001,-26.904889
6560,Wundowie,WA,116.428564,-31.817666
6562,Bakers Hill,WA,116.47343400000001,-31.746189
6566,Toodyay,WA,116.38063999999999,-31.484853
6743,Kununurra,WA,129.66200800000001,-17.293532
6990,GOSNELLS,WA,116.00846100000001,-32.060407
7008,Lenah Valley,TAS,147.29326799999998,-42.861932
7172,Nugent,TAS,147.631695,-42.730284999999995
7173,Sorell,TAS,147.630737,-42.823648999999996
7277,Legana,TAS,146.99697700000002,-41.366416
